ID,DATE,SCHOOL,GENDER,TEST,LAB,BEHAV,GRADE,M4CID
1,2003,0,F,69,40,97,1,0
2,2003,0,F,84,80,100,1,0
3,2003,0,F,85,100,100,1,0
4,2003,0,F,60,60,67,1,0
5,2003,0,M,65,60,80,1,0
6,2003,0,F,69,60,83,1,0
7,2003,0,M,78,60,66,1,0
8,2003,0,M,78,60,72,1,0
9,2003,0,F,72,100,100,1,0
10,2003,0,M,77,60,83,1,0
11,2003,0,F,53,60,100,1,0
12,2003,0,M,85,100,100,1,0
13,2003,0,M,81,60,83,1,0
14,2003,0,M,88,60,100,1,0
15,2003,0,F,75,60,75,1,0
16,2003,0,M,70,40,82,1,0
17,2003,0,F,69,60,80,1,0
18,2003,0,F,89,60,67,1,0
19,2003,0,F,72,60,100,1,0
20,2003,0,F,77,100,75,1,0
21,2003,0,M,86,80,100,1,0
22,2003,0,M,89,60,100,1,0
23,2003,0,M,81,60,68,1,0
24,2003,0,M,81,80,85,1,0
25,2003,0,F,74,80,100,1,0
26,2003,0,F,77,60,65,1,0
27,2003,0,M,83,60,80,1,0
28,2003,0,M,75,60,98,1,0
29,2003,0,F,65,60,98,1,0
30,2003,0,M,70,80,98,1,0
31,2003,0,F,70,60,96,1,0
32,2003,0,M,67,60,96,1,0
33,2003,0,M,60,60,80,1,0
34,2003,0,M,45,40,77,1,0
35,2003,0,M,68,80,81,1,0
36,2003,0,F,65,40,79,1,0
37,2003,0,F,59,60,63,1,0
38,2003,0,F,76,80,71,1,0
39,2003,0,M,69,60,96,1,0
40,2003,0,M,61,40,37,1,0
41,2003,0,M,61,80,65,1,0
42,2003,0,M,68,60,76,1,0
43,2003,0,M,52,40,75,1,0
44,2003,0,F,59,40,48,1,0
45,2003,0,M,45,40,63,1,0
46,2003,0,M,85,60,98,1,0
47,2003,0,M,52,40,55,1,0
48,2003,0,F,53,60,83,1,0
49,2003,0,F,53,40,52,1,0
50,2003,0,M,49,60,81,1,0
51,2003,0,F,63,40,66,1,0
52,2003,0,F,73,40,83,1,0
53,2003,0,F,75,40,73,1,0
54,2003,0,F,61,40,90,1,0
55,2003,0,F,58,100,80,1,0
56,2003,0,F,81,60,55,1,0
57,2003,0,M,88,60,78,1,0
58,2003,0,M,58,40,81,1,0
59,2003,0,F,49,40,83,1,0
60,2003,0,F,73,40,53,1,0
61,2003,0,M,60,60,90,1,0
62,2003,0,M,42,40,56,1,0
63,2003,0,M,54,40,59,1,0
64,2003,0,M,76,60,90,1,0
65,2003,0,F,84,80,100,1,0
66,2003,0,M,52,60,81,1,0
67,2003,0,F,36,20,62,1,0
68,2003,0,M,69,20,70,1,0
69,2003,0,M,61,40,54,1,0
70,2003,0,M,62,60,100,1,0
71,2003,0,F,58,60,100,1,0
72,2003,0,F,60,80,85,1,0
73,2003,0,M,68,60,62,1,0
74,2003,0,M,58,40,53,1,0
75,2003,0,M,88,60,75,1,0
76,2003,0,M,97,80,81,2,0
77,2003,0,F,55,60,100,2,0
78,2003,0,F,83,80,66,2,0
79,2003,0,F,92,80,57,2,0
80,2003,0,M,61,20,83,2,0
81,2003,0,F,91,60,98,2,0
82,2003,0,M,42,60,83,2,0
83,2003,0,F,80,60,100,2,0
84,2003,0,F,67,60,63,2,0
85,2003,0,M,67,60,55,2,0
86,2003,0,M,87,80,50,2,0
87,2003,0,M,84,20,63,2,0
88,2003,0,M,78,60,83,2,0
89,2003,0,M,83,80,70,2,0
90,2003,0,M,87,80,98,2,0
91,2003,0,F,95,80,98,2,0
92,2003,0,F,68,60,95,2,0
93,2003,0,F,89,60,75,2,0
94,2003,0,M,60,60,83,2,0
95,2003,0,F,71,60,68,2,0
96,2003,0,M,46,60,81,2,0
97,2003,0,F,91,60,98,2,0
98,2003,0,M,88,60,98,2,0
99,2003,0,F,85,80,81,2,0
100,2003,0,F,75,80,98,2,0
101,2003,0,F,64,80,98,2,0
102,2003,0,M,75,80,98,2,0
103,2003,0,F,70,80,74,2,0
104,2003,0,F,54,60,54,2,0
105,2003,0,M,74,80,56,2,0
106,2003,0,M,77,80,80,2,0
107,2003,0,M,75,80,75,2,0
108,2003,0,M,78,80,71,2,0
109,2003,0,F,72,80,83,2,0
110,2003,0,F,77,60,57,2,0
111,2003,0,M,57,60,63,2,0
112,2003,0,M,78,60,62,2,0
113,2003,0,M,52,60,65,2,0
114,2003,0,F,68,60,48,2,0
115,2003,0,M,74,80,75,2,0
116,2003,0,F,88,100,81,2,0
117,2003,0,F,48,60,72,2,0
118,2003,0,F,58,60,74,2,0
119,2003,0,F,96,100,92,2,0
120,2003,0,M,81,80,89,2,0
121,2003,0,M,70,60,83,2,0
122,2003,0,F,56,60,74,2,0
123,2003,0,F,44,59,83,2,0
124,2004,0,F,54,34,86,0,0
125,2004,0,F,73,20,52,0,0
126,2004,0,M,69,46,76,0,0
127,2004,0,M,62,28,73,0,0
128,2004,0,M,33,44,48,0,0
129,2004,0,M,89,52,65,0,0
130,2004,0,M,63,71,80,0,0
131,2004,0,F,65,69,71,0,0
132,2004,0,M,76,89,85,0,0
133,2004,0,F,76,85,92,0,0
134,2004,0,F,70,57,58,0,0
135,2004,0,M,29,45,86,0,0
136,2004,0,F,95,60,87,0,0
137,2004,0,F,80,84,88,0,0
138,2004,0,F,44,59,73,0,0
139,2004,0,F,56,60,70,0,0
140,2004,0,F,80,73,81,0,0
141,2004,0,M,51,41,82,0,0
142,2004,0,F,49,76,65,0,0
143,2004,0,M,72,25,60,0,0
144,2004,0,M,34,54,53,0,0
145,2004,0,M,80,53,87,0,0
146,2004,0,M,63,45,60,0,0
147,2004,0,M,60,79,87,0,0
148,2004,0,F,64,50,78,0,0
149,2004,0,F,91,66,95,0,0
150,2004,0,F,77,78,83,2,0
151,2004,0,F,70,67,86,2,0
152,2004,0,F,84,78,91,2,0
153,2004,0,F,47,52,56,2,0
154,2004,0,M,71,67,53,2,0
155,2004,0,F,74,63,76,2,0
156,2004,0,M,78,77,76,2,0
157,2004,0,M,70,70,76,2,0
158,2004,0,F,65,70,86,2,0
159,2004,0,M,73,59,76,2,0
160,2004,0,F,29,10,66,2,0
161,2004,0,M,81,67,63,2,0
162,2004,0,M,88,80,83,2,0
163,2004,0,M,81,59,76,2,0
164,2004,0,F,70,76,78,2,0
165,2004,0,M,74,62,80,2,0
166,2004,0,F,74,76,73,2,0
167,2004,0,F,90,81,90,2,0
168,2004,0,F,61,67,70,2,0
169,2004,0,F,87,84,86,2,0
170,2004,0,M,91,85,86,2,0
171,2004,0,M,84,72,83,2,0
172,2004,0,M,86,63,68,2,0
173,2004,0,M,89,65,90,2,0
174,2004,0,F,79,76,76,2,0
175,2004,0,F,76,57,66,2,0
176,2004,0,M,89,64,93,2,0
177,2004,0,M,81,58,70,2,0
178,2004,0,F,65,30,80,2,0
179,2004,0,M,81,30,75,2,0
180,2004,0,F,77,76,85,2,0
181,2004,0,M,67,55,65,2,0
182,2004,0,M,81,66,70,2,0
183,2004,0,M,72,30,70,2,0
184,2004,0,M,59,69,60,2,0
185,2004,0,F,69,60,85,2,0
186,2004,0,F,45,54,50,2,0
187,2004,0,M,56,80,65,2,0
188,2004,0,F,83,76,55,2,0
189,2004,0,M,77,30,75,2,0
190,2004,0,M,67,30,75,2,0
191,2004,0,M,67,66,80,2,0
192,2004,0,M,90,73,80,2,0
193,2004,0,M,51,30,85,2,0
194,2004,0,F,52,52,80,2,0
195,2004,0,F,45,57,50,2,0
196,2004,0,M,47,30,50,2,0
197,2004,0,M,92,70,85,2,0
198,2004,0,M,47,30,80,2,0
199,2004,0,F,51,73,55,2,0
200,2004,0,F,58,58,80,2,0
201,2004,0,F,54,40,54,2,0
202,2004,0,F,53,40,53,2,0
203,2004,0,F,75,40,75,2,0
204,2004,0,F,67,40,67,2,0
205,2004,0,F,55,40,55,2,0
206,2004,0,F,87,40,87,2,0
207,2004,0,M,95,40,95,2,0
208,2004,0,M,52,40,52,2,0
209,2004,0,F,62,40,62,2,0
210,2004,0,F,85,40,85,2,0
211,2004,0,M,78,40,78,2,0
212,2004,0,M,65,40,65,2,0
213,2004,0,M,80,40,80,2,0
214,2004,0,F,93,57,93,2,0
215,2004,0,M,77,77,77,2,0
216,2004,0,F,94,80,94,2,0
217,2004,0,F,49,40,49,2,0
218,2004,0,M,60,40,60,2,0
219,2004,0,F,59,40,59,2,0
220,2004,0,F,64,40,64,2,0
221,2004,0,M,82,40,82,2,0
222,2004,0,M,74,40,74,2,0
223,2004,0,M,63,66,86,2,0
224,2005,0,F,56,49,69,0,0
225,2005,0,M,81,70,76,0,0
226,2005,0,F,86,74,83,0,0
227,2005,0,M,66,71,83,0,0
228,2005,0,M,49,65,69,0,0
229,2005,0,F,85,81,95,0,0
230,2005,0,F,71,80,80,0,0
231,2005,0,F,56,51,80,0,0
232,2005,0,F,69,42,61,0,0
233,2005,0,M,72,78,77,0,0
234,2005,0,M,68,20,73,0,0
235,2005,0,M,61,74,79,0,0
236,2005,0,F,83,80,92,0,0
237,2005,0,M,67,46,62,0,0
238,2005,0,M,60,60,69,0,0
239,2005,0,M,50,55,59,0,0
240,2005,0,F,46,62,54,0,0
241,2005,0,M,57,66,77,0,0
242,2005,0,F,56,46,58,0,0
243,2005,0,M,62,30,55,0,0
244,2005,0,F,72,71,72,0,0
245,2005,0,M,65,72,87,0,0
246,2005,0,F,75,71,84,0,0
247,2005,0,F,60,43,70,0,0
248,2005,0,F,62,59,83,0,0
249,2005,0,F,51,73,77,0,0
250,2005,0,F,73,85,90,0,0
251,2005,0,F,67,85,90,0,0
252,2005,0,F,90,46,73,0,0
253,2005,0,M,88,72,90,0,0
254,2005,0,F,75,46,84,0,0
255,2005,0,M,74,50,85,0,0
256,2005,0,F,72,43,74,0,0
257,2005,0,M,41,41,62,0,0
258,2005,0,M,70,70,64,0,0
259,2005,0,M,66,69,76,0,0
260,2005,0,M,69,52,83,0,0
261,2005,0,M,81,76,91,0,0
262,2005,0,F,69,65,81,0,0
263,2005,0,M,63,75,90,0,0
264,2005,0,F,82,76,90,0,0
265,2005,0,M,69,85,75,0,0
266,2005,0,F,74,82,77,0,0
267,2005,0,F,63,79,82,0,0
268,2005,0,F,65,75,64,0,0
269,2005,0,F,91,76,94,0,0
270,2005,0,M,90,92,93,0,0
271,2005,0,F,81,87,69,0,0
272,2005,0,F,95,91,98,0,0
273,2005,0,M,89,83,98,0,0
274,2005,0,M,75,57,59,0,0
275,2005,0,M,63,50,58,0,0
276,2005,0,M,57,73,76,0,0
277,2005,0,F,80,83,78,0,0
278,2005,0,M,91,86,92,0,0
279,2005,0,F,77,80,82,0,0
280,2005,0,F,79,80,83,0,0
281,2005,0,F,75,80,94,0,0
282,2005,0,F,89,86,88,0,0
283,2005,0,F,64,86,82,0,0
284,2005,0,F,83,80,87,0,0
285,2005,0,F,47,33,57,0,0
286,2005,0,M,62,40,63,0,0
287,2005,0,F,60,53,57,0,0
288,2005,0,M,94,86,83,0,0
289,2005,0,F,50,53,54,0,0
290,2005,0,M,85,73,84,0,0
291,2005,0,F,62,80,76,0,0
292,2005,0,M,70,60,69,0,0
293,2005,0,M,83,60,89,0,0
294,2005,0,M,67,73,71,0,0
295,2005,0,F,54,66,75,0,0
296,2005,0,F,49,46,89,0,0
297,2005,0,M,70,33,56,0,0
298,2005,0,M,68,66,66,0,0
299,2005,0,M,78,60,73,0,0
300,2005,0,M,83,58,73,0,0
301,2005,0,F,76,81,89,1,0
302,2005,0,F,59,56,67,1,0
303,2005,0,F,52,35,61,1,0
304,2005,0,F,42,37,70,1,0
305,2005,0,F,70,52,76,1,0
306,2005,0,M,66,45,88,1,0
307,2005,0,F,67,30,69,1,0
308,2005,0,F,71,65,80,1,0
309,2005,0,M,86,63,78,1,0
310,2005,0,F,83,61,77,1,0
311,2005,0,M,75,49,77,1,0
312,2005,0,M,69,48,69,1,0
313,2005,0,M,73,81,85,1,0
314,2005,0,F,59,48,73,1,0
315,2005,0,F,60,30,70,1,0
316,2005,0,F,77,45,73,1,0
317,2005,0,F,94,61,93,1,0
318,2005,0,F,71,58,93,1,0
319,2005,0,F,81,40,69,1,0
320,2005,0,F,75,64,87,1,0
321,2005,0,F,60,53,96,1,0
322,2005,0,F,71,60,69,1,0
323,2005,0,M,53,60,61,1,0
324,2005,0,M,61,54,81,1,0
325,2005,0,M,84,68,73,1,0
326,2005,0,F,83,51,78,1,0
327,2005,0,M,74,66,78,1,0
328,2005,0,F,50,50,84,1,0
329,2005,0,F,63,67,55,1,0
330,2005,0,M,87,76,87,1,0
331,2005,0,M,48,46,71,1,0
332,2005,0,M,39,20,55,1,0
333,2005,0,M,72,67,65,1,0
334,2005,0,M,67,75,87,1,0
335,2005,0,F,66,68,79,1,0
336,2005,0,M,81,86,88,1,0
337,2005,0,F,70,85,92,1,0
338,2005,0,F,56,64,62,1,0
339,2005,0,M,55,59,79,1,0
340,2005,0,F,92,76,85,1,0
341,2005,0,F,82,76,85,1,0
342,2005,0,F,53,70,71,1,0
343,2005,0,F,45,63,61,1,0
344,2005,0,F,72,70,75,1,0
345,2005,0,M,50,73,78,1,0
346,2005,0,F,73,78,68,1,0
347,2005,0,M,51,55,61,1,0
348,2005,0,M,52,40,53,1,0
349,2005,0,M,87,60,95,1,0
350,2005,0,M,48,46,69,1,0
351,2005,0,M,60,46,81,1,0
352,2005,0,M,63,77,89,1,0
353,2005,0,F,41,49,71,1,0
354,2006,0,F,51,58,77,1,0
355,2006,0,F,51,66,74,1,0
356,2006,0,M,76,57,88,1,0
357,2006,0,F,68,62,81,1,0
358,2006,0,M,59,69,88,1,0
359,2006,0,M,77,92,98,1,0
360,2006,0,F,59,69,79,1,0
361,2006,0,F,45,49,72,1,0
362,2006,0,F,60,63,71,1,0
363,2006,0,M,65,60,57,1,0
364,2006,0,M,77,64,61,1,0
365,2006,0,M,53,67,78,1,0
366,2006,0,F,77,76,93,1,0
367,2006,0,M,47,70,81,1,0
368,2006,0,M,55,86,81,1,0
369,2006,0,M,46,68,64,1,0
370,2006,0,M,53,56,76,1,0
371,2006,0,F,52,73,79,1,0
372,2006,0,F,69,67,77,1,0
373,2006,0,F,31,72,74,1,0
374,2006,0,F,48,66,71,1,0
375,2006,0,F,80,91,96,1,0
376,2006,0,F,75,77,82,1,0
377,2006,0,F,80,80,86,1,0
378,2006,0,F,77,87,93,1,0
379,2006,0,F,78,81,91,1,0
380,2006,0,F,64,77,79,1,0
381,2006,0,F,78,77,95,1,0
382,2006,0,F,43,45,59,1,0
383,2006,0,M,64,72,78,1,0
384,2006,0,F,59,44,51,1,0
385,2006,0,M,83,82,84,1,0
386,2006,0,F,45,70,61,1,0
387,2006,0,M,68,78,85,1,0
388,2006,0,F,72,69,82,1,0
389,2006,0,M,61,74,80,1,0
390,2006,0,M,66,77,75,1,0
391,2006,0,M,75,48,83,1,0
392,2006,0,M,52,56,56,1,0
393,2006,0,M,61,65,68,1,0
394,2006,0,F,50,74,68,1,0
395,2006,0,F,58,49,37,1,0
396,2006,0,M,60,52,61,1,0
397,2006,0,M,64,69,53,1,0
398,2006,0,F,81,96,92,2,0
399,2006,0,F,53,60,62,2,0
400,2006,0,F,39,60,56,2,0
401,2006,0,F,52,58,66,2,0
402,2006,0,F,71,69,77,2,0
403,2006,0,M,67,73,84,2,0
404,2006,0,F,55,69,41,2,0
405,2006,0,F,71,71,79,2,0
406,2006,0,M,91,77,88,2,0
407,2006,0,F,84,71,76,2,0
408,2006,0,M,69,72,72,2,0
409,2006,0,M,78,66,69,2,0
410,2006,0,M,61,71,76,2,0
411,2006,0,F,56,67,68,2,0
412,2006,0,F,44,63,62,2,0
413,2006,0,F,75,75,72,2,0
414,2006,0,F,87,75,87,2,0
415,2006,0,F,64,92,80,2,0
416,2006,0,F,69,63,55,2,0
417,2006,0,F,78,73,93,2,0
418,2006,0,F,52,68,86,2,0
419,2006,0,F,74,59,75,2,0
420,2006,0,M,52,60,48,2,0
421,2006,0,M,50,53,64,2,0
422,2006,0,M,86,63,64,2,0
423,2006,0,F,83,68,87,2,0
424,2006,0,M,73,68,61,2,0
425,2006,0,F,50,58,79,2,0
426,2006,0,F,62,71,62,2,0
427,2006,0,M,89,85,87,2,0
428,2006,0,M,38,59,74,2,0
429,2006,0,M,66,65,59,2,0
430,2006,0,M,58,77,83,2,0
431,2006,0,F,60,60,67,2,0
432,2006,0,M,86,84,96,2,0
433,2006,0,F,69,84,96,2,0
434,2006,0,F,59,70,75,2,0
435,2006,0,M,55,77,83,2,0
436,2006,0,F,95,87,88,2,0
437,2006,0,F,83,79,88,2,0
438,2006,0,F,50,78,65,2,0
439,2006,0,F,59,73,63,2,0
440,2006,0,F,79,71,81,2,0
441,2006,0,M,49,76,81,2,0
442,2006,0,F,78,78,61,2,0
443,2006,0,M,55,68,62,2,0
444,2006,0,M,44,60,56,2,0
445,2006,0,M,80,95,95,2,0
446,2006,0,M,36,54,65,2,0
447,2006,0,M,47,55,91,2,0
448,2006,0,M,48,76,94,2,0
449,2006,0,F,44,47,67,2,0
450,2008,0,F,35,54,76,0,0
451,2008,0,F,94,80,95,0,0
452,2008,0,F,83,63,76,0,0
453,2008,0,M,79,67,87,0,0
454,2008,0,F,33,35,54,0,0
455,2008,0,M,51,65,81,0,0
456,2008,0,F,28,45,68,0,0
457,2008,0,F,63,71,74,0,0
458,2008,0,F,56,62,78,0,0
459,2008,0,F,63,62,70,0,0
460,2008,0,F,64,37,62,0,0
461,2008,0,M,30,46,66,0,0
462,2008,0,M,40,58,73,0,0
463,2008,0,F,64,63,82,0,0
464,2008,0,F,66,73,81,0,0
465,2008,0,F,79,84,84,0,0
466,2008,0,F,64,80,91,0,0
467,2008,0,F,64,64,79,0,0
468,2008,0,M,48,12,57,0,0
469,2008,0,M,43,38,60,0,0
470,2008,0,M,53,30,57,0,0
471,2008,0,M,44,49,64,0,0
472,2008,0,F,56,85,88,0,0
473,2008,0,F,64,78,87,0,0
474,2008,0,F,50,72,82,0,0
475,2008,0,F,59,49,79,0,0
476,2008,0,M,48,62,77,0,0
477,2009,1,M,70,62,79,0,0
478,2009,1,M,36,70,66,0,0
479,2009,1,F,24,43,81,0,0
480,2009,1,F,50,45,47,0,0
481,2009,1,M,53,48,77,0,0
482,2009,1,F,84,75,92,0,0
483,2009,1,F,41,51,76,0,0
484,2009,1,M,40,65,64,0,0
485,2009,1,M,52,65,66,0,0
486,2009,1,F,45,64,65,0,0
487,2009,1,F,53,65,88,0,0
488,2009,1,M,51,68,89,0,0
489,2009,1,M,59,65,51,0,0
490,2009,1,M,28,69,94,0,0
491,2009,1,F,57,39,66,0,0
492,2009,1,F,67,83,79,0,0
493,2009,1,F,60,27,60,0,0
494,2009,1,M,71,74,84,0,0
495,2009,1,F,65,51,76,0,0
496,2009,1,M,51,50,64,0,0
497,2009,1,F,49,42,81,0,0
498,2009,1,F,68,54,67,0,0
499,2009,1,M,41,21,37,0,0
500,2009,1,M,58,78,83,0,0
501,2009,1,F,19,26,39,0,0
502,2009,1,M,39,43,59,0,0
503,2009,1,M,50,58,84,0,0
504,2009,1,M,76,40,88,0,0
505,2009,1,M,74,43,73,0,0
506,2009,1,F,55,34,62,0,0
507,2009,1,F,73,78,78,0,0
508,2009,1,M,58,34,64,0,0
509,2009,1,M,47,23,74,0,0
510,2009,1,M,77,83,82,0,0
511,2009,1,M,57,22,73,0,0
512,2009,1,M,49,47,78,0,0
513,2009,1,M,52,75,88,0,0
514,2009,1,F,69,67,84,0,0
515,2009,1,F,49,53,71,0,0
516,2009,1,F,31,23,66,0,0
517,2009,1,M,77,46,86,0,0
518,2009,1,M,33,39,72,0,0
519,2009,1,F,47,62,73,0,0
520,2009,1,F,49,36,71,0,0
521,2009,1,M,42,61,74,0,0
522,2009,1,F,35,50,73,0,0
523,2009,1,M,77,69,90,0,0
524,2009,1,F,73,78,88,0,0
525,2009,1,F,44,40,84,0,0
526,2009,1,M,42,59,76,0,0
527,2009,1,M,89,92,98,0,0
528,2009,1,M,24,59,50,0,0
529,2009,1,F,51,48,87,0,0
530,2009,1,F,72,73,94,0,0
531,2009,1,M,52,47,81,0,0
532,2009,1,M,35,43,54,0,0
533,2009,1,M,62,43,79,0,0
534,2009,1,F,73,80,91,0,0
535,2009,1,M,70,69,96,0,0
536,2009,1,M,84,91,98,0,0
537,2009,1,F,45,73,87,0,0
538,2009,1,F,60,52,90,0,0
539,2009,1,F,75,78,92,0,0
540,2009,1,F,45,28,70,0,0
541,2009,1,F,28,61,76,0,0
542,2009,1,M,68,74,99,0,0
543,2009,1,F,100,93,96,0,0
544,2009,1,F,57,76,88,0,0
545,2009,1,M,58,18,60,0,0
546,2009,1,M,58,61,89,0,0
547,2009,1,F,59,71,82,0,0
548,2009,1,F,52,47,71,0,0
549,2009,1,F,46,36,67,0,0
550,2009,1,F,47,45,50,0,0
551,2009,1,M,67,81,85,0,0
552,2009,1,F,61,68,87,0,0
553,2009,1,F,41,44,82,0,0
554,2009,1,F,71,78,71,0,0
555,2009,1,M,47,41,69,0,0
556,2009,1,F,77,79,91,0,0
557,2009,1,F,67,65,57,0,0
558,2009,1,M,70,72,69,0,0
559,2009,1,M,47,47,49,0,0
560,2009,1,F,96,87,95,0,0
561,2009,1,M,51,68,70,0,0
562,2009,1,F,48,64,83,0,0
563,2009,1,F,78,47,65,0,0
564,2009,1,M,31,33,48,0,0
565,2009,1,M,60,53,80,0,0
566,2009,1,F,42,38,79,0,0
567,2009,1,F,31,41,77,0,0
568,2009,1,F,57,51,85,0,0
569,2009,1,F,59,49,79,0,0
570,2009,1,M,33,48,79,0,0
571,2009,1,M,47,31,61,0,0
572,2009,1,M,63,63,72,0,0
573,2009,1,M,53,56,86,0,0
574,2009,1,F,54,53,86,0,0
575,2009,1,F,58,64,93,0,0
576,2009,1,M,50,41,73,0,0
577,2009,1,M,39,18,69,0,0
578,2009,1,M,47,26,75,5,0
579,2009,1,M,53,38,59,5,0
580,2009,1,M,62,66,91,5,0
581,2009,1,M,61,73,92,5,0
582,2009,1,M,66,95,92,5,0
583,2009,1,M,61,60,64,5,0
584,2009,1,M,50,38,84,5,0
585,2009,1,M,55,46,68,5,0
586,2009,1,M,52,39,80,5,0
587,2009,1,M,49,44,76,5,0
588,2009,1,M,44,41,84,5,0
589,2009,1,M,58,39,78,5,0
590,2009,1,M,48,47,77,5,0
591,2009,1,M,59,57,89,5,0
592,2009,1,M,55,43,90,5,0
593,2009,1,M,53,46,73,5,0
594,2009,1,M,26,60,92,5,0
595,2010,1,M,56,60,88,1,0
596,2010,1,M,42,60,100,1,0
597,2010,1,F,28,60,95,1,0
598,2010,1,F,48,0,40,1,0
599,2010,1,M,56,0,40,1,0
600,2010,1,F,92,100,100,1,0
601,2010,1,F,50,40,75,1,0
602,2010,1,M,54,60,95,1,0
603,2010,1,F,54,60,65,1,0
604,2010,1,M,58,60,95,1,0
605,2010,1,M,59,0,64,1,0
606,2010,1,M,28,40,90,1,0
607,2010,1,F,77,60,64,1,0
608,2010,1,F,44,60,100,1,0
609,2010,1,F,65,60,80,1,0
610,2010,1,M,71,70,95,1,0
611,2010,1,M,55,60,75,1,0
612,2010,1,M,45,60,70,1,0
613,2010,1,F,43,45,90,1,0
614,2010,1,F,57,60,88,1,0
615,2010,1,M,44,60,100,1,0
616,2010,1,F,30,40,90,1,0
617,2010,1,M,43,45,77,1,0
618,2010,1,M,48,40,67,1,0
619,2010,1,M,71,60,96,1,0
620,2010,1,M,62,35,60,1,0
621,2010,1,F,33,30,76,1,0
622,2010,1,F,36,0,76,1,0
623,2010,1,F,75,50,84,1,0
624,2010,1,M,57,0,60,1,0
625,2010,1,M,61,30,100,1,0
626,2010,1,M,80,40,92,1,0
627,2010,1,M,50,0,72,1,0
628,2010,1,M,72,25,80,1,0
629,2010,1,M,34,75,100,1,0
630,2010,1,F,53,75,100,1,0
631,2010,1,F,48,15,92,1,0
632,2010,1,F,70,30,84,1,0
633,2010,1,M,48,60,88,1,0
634,2010,1,M,24,80,92,1,0
635,2010,1,F,55,65,96,1,0
636,2010,1,F,58,60,93,1,0
637,2010,1,M,38,65,92,1,0
638,2010,1,F,54,0,80,1,0
639,2010,1,M,54,80,100,1,0
640,2010,1,F,68,60,85,1,0
641,2010,1,F,67,66,95,1,0
642,2010,1,M,38,46,90,1,0
643,2010,1,M,90,80,95,1,0
644,2010,1,M,34,33,75,1,0
645,2010,1,F,74,60,95,1,0
646,2010,1,M,54,53,92,1,0
647,2010,1,M,35,66,76,1,0
648,2010,1,F,84,46,95,1,0
649,2010,1,M,62,40,75,1,0
650,2010,1,M,58,0,50,1,0
651,2010,1,M,74,86,100,1,0
652,2010,1,F,24,0,65,1,0
653,2010,1,F,26,60,100,1,0
654,2010,1,F,76,40,80,1,0
655,2010,1,F,78,60,100,1,0
656,2010,1,F,59,60,80,1,0
657,2010,1,M,54,46,84,1,0
658,2010,1,M,37,60,66,1,0
659,2010,1,F,39,46,85,1,0
660,2010,1,F,37,67,90,1,0
661,2010,1,F,27,33,65,1,0
662,2010,1,F,48,25,84,1,0
663,2010,1,M,57,90,100,1,0
664,2010,1,F,40,80,95,1,0
665,2010,1,F,52,55,100,1,0
666,2010,1,F,54,35,85,1,0
667,2010,1,M,30,65,95,1,0
668,2010,1,F,52,60,84,1,0
669,2010,1,F,48,30,83,1,0
670,2010,1,M,79,60,76,1,0
671,2010,1,M,59,80,96,1,0
672,2010,1,M,33,50,92,1,0
673,2010,1,F,40,25,84,1,0
674,2010,1,F,53,35,80,1,0
675,2010,1,M,40,30,76,1,0
676,2010,1,F,33,35,90,1,0
677,2010,1,F,46,45,96,1,0
678,2010,1,F,81,25,70,1,0
679,2010,1,F,39,30,71,1,0
680,2010,1,M,34,30,88,1,0
681,2010,1,M,78,52,88,1,0
682,2010,1,M,56,70,95,1,0
683,2010,1,F,49,50,95,1,0
684,2010,1,F,74,60,100,1,0
685,2010,1,M,44,35,64,1,0
686,2010,1,M,62,10,80,1,0
687,2010,1,M,42,70,80,6,0
688,2010,1,M,54,55,64,6,0
689,2010,1,M,57,65,100,6,0
690,2010,1,M,56,84,100,6,0
691,2010,1,M,74,80,96,6,0
692,2010,1,M,47,0,50,6,0
693,2010,1,M,46,40,73,6,0
694,2010,1,M,49,65,90,6,0
695,2010,1,M,34,45,80,6,0
696,2010,1,M,52,65,33,6,0
697,2010,1,M,64,45,73,6,0
698,2010,1,M,54,65,73,6,0
699,2010,1,M,68,60,66,6,0
700,2010,1,M,67,75,83,6,0
701,2010,1,M,54,55,80,6,0
702,2010,1,M,62,55,73,6,0
703,2010,1,M,47,53,91,6,0
704,2011,1,F,40,53,74,0,0
705,2011,1,F,90,53,94,0,0
706,2011,1,M,51,53,82,0,0
707,2011,1,M,71,73,54,0,0
708,2011,1,M,53,53,85,0,0
709,2011,1,F,85,93,82,0,0
710,2011,1,M,54,80,71,0,0
711,2011,1,M,50,86,82,0,0
712,2011,1,M,79,60,80,0,0
713,2011,1,F,92,93,97,0,0
714,2011,1,F,55,66,74,0,0
715,2011,1,F,48,53,82,0,0
716,2011,1,F,53,46,77,0,0
717,2011,1,F,54,80,68,0,0
718,2011,1,M,84,80,77,0,0
719,2011,1,F,46,40,62,0,0
720,2011,1,F,69,66,71,0,0
721,2011,1,M,57,73,91,0,0
722,2011,1,M,50,53,77,0,0
723,2011,1,F,49,60,77,0,0
724,2011,1,F,96,93,88,0,0
725,2011,1,M,70,51,77,0,0
726,2011,1,M,47,4,45,2,0
727,2011,1,M,53,73,77,2,0
728,2011,1,F,21,66,87,2,0
729,2011,1,F,65,26,62,2,0
730,2011,1,M,88,82,82,2,0
731,2011,1,F,96,71,90,2,0
732,2011,1,F,31,37,60,2,0
733,2011,1,M,83,55,85,2,0
734,2011,1,F,67,6,71,2,0
735,2011,1,M,84,57,72,2,0
736,2011,1,M,72,0,60,2,0
737,2011,1,M,47,44,77,2,0
738,2011,1,F,87,4,52,2,0
739,2011,1,F,26,4,47,2,0
740,2011,1,F,86,91,87,2,0
741,2011,1,F,74,44,65,2,0
742,2011,1,M,66,57,87,2,0
743,2011,1,M,39,51,74,2,0
744,2011,1,M,22,51,62,2,0
745,2011,1,F,54,51,62,2,0
746,2011,1,M,68,51,54,2,0
747,2011,1,M,86,82,88,2,0
748,2011,1,F,36,48,60,2,0
749,2011,1,M,44,37,57,2,0
750,2011,1,M,16,2,28,2,0
751,2011,1,M,72,53,94,2,0
752,2011,1,M,55,51,68,2,0
753,2011,1,F,43,57,91,2,0
754,2011,1,F,29,42,57,2,0
755,2011,1,F,33,17,54,2,0
756,2011,1,F,69,68,85,2,0
757,2011,1,M,32,17,62,2,0
758,2011,1,M,21,20,65,2,0
759,2011,1,M,66,60,77,2,0
760,2011,1,M,61,31,77,2,0
761,2011,1,M,36,0,54,2,0
762,2011,1,M,48,64,85,2,0
763,2011,1,F,76,57,88,2,0
764,2011,1,F,47,26,65,2,0
765,2011,1,F,50,44,60,2,0
766,2011,1,M,33,22,60,2,0
767,2011,1,M,60,35,62,2,0
768,2011,1,M,31,55,88,2,0
769,2011,1,F,31,28,77,2,0
770,2011,1,F,45,28,71,2,0
771,2011,1,M,32,17,74,2,0
772,2011,1,M,32,17,77,2,0
773,2011,1,F,48,0,94,2,0
774,2011,1,F,42,53,85,2,0
775,2011,1,M,83,54,100,2,0
776,2011,1,F,26,36,95,2,0
777,2011,1,M,90,70,100,2,0
778,2011,1,F,36,46,95,2,0
779,2011,1,M,41,40,90,2,0
780,2011,1,M,91,74,95,2,0
781,2011,1,M,56,60,95,2,0
782,2011,1,F,81,62,100,2,0
783,2011,1,M,64,48,95,2,0
784,2011,1,M,59,62,80,2,0
785,2011,1,F,95,50,100,2,0
786,2011,1,M,83,34,95,2,0
787,2011,1,M,76,50,90,2,0
788,2011,1,M,90,74,93,2,0
789,2011,1,F,63,30,90,2,0
790,2011,1,F,45,58,100,2,0
791,2011,1,F,83,62,95,2,0
792,2011,1,F,57,60,100,2,0
793,2011,1,F,95,68,100,2,0
794,2011,1,F,48,66,95,2,0
795,2011,1,M,48,38,84,2,0
796,2011,1,M,36,40,90,2,0
797,2011,1,F,78,46,100,2,0
798,2011,1,F,68,62,80,2,0
799,2011,1,F,65,46,84,2,0
800,2011,1,F,34,22,82,2,0
801,2011,1,F,53,86,94,2,0
802,2011,1,F,55,40,75,2,0
803,2011,1,F,67,42,77,2,0
804,2011,1,F,70,28,77,2,0
805,2011,1,M,44,44,95,2,0
806,2011,1,F,62,4,74,2,0
807,2011,1,M,68,53,97,2,0
808,2011,1,F,69,0,57,2,0
809,2011,1,M,67,33,54,2,0
810,2011,1,M,54,17,82,2,0
811,2011,1,M,81,37,97,2,0
812,2011,1,M,32,17,71,2,0
813,2011,1,F,59,37,82,2,0
814,2011,1,F,70,31,71,2,0
815,2011,1,M,67,24,68,2,0
816,2011,1,F,64,35,74,2,0
817,2011,1,F,32,35,80,2,0
818,2011,1,F,82,24,88,2,0
819,2011,1,F,41,60,62,2,0
820,2011,1,M,42,44,71,2,0
821,2011,1,M,44,64,88,2,0
822,2011,1,F,46,4,72,2,0
823,2011,1,M,82,37,91,2,0
824,2011,1,M,61,53,80,2,0
825,2011,1,F,52,20,70,2,0
826,2011,1,F,82,73,100,2,0
827,2011,1,M,48,31,82,2,0
828,2011,1,M,39,40,85,2,0
829,2012,1,F,65,48,86,1,1
830,2012,1,F,75,75,76,1,1
831,2012,1,M,41,44,71,1,1
832,2012,1,M,63,43,61,1,1
833,2012,1,M,47,49,88,1,1
834,2012,1,F,77,66,86,1,1
835,2012,1,M,51,59,58,1,1
836,2012,1,M,51,50,69,1,1
837,2012,1,M,67,59,88,1,1
838,2012,1,F,65,70,88,1,1
839,2012,1,F,43,62,75,1,1
840,2012,1,F,53,60,75,1,1
841,2012,1,F,83,68,91,1,1
842,2012,1,F,51,43,75,1,1
843,2012,1,F,72,62,63,1,1
844,2012,1,M,43,63,72,1,1
845,2012,1,F,54,53,72,1,1
846,2012,1,F,86,79,79,1,1
847,2012,1,M,43,37,68,1,1
848,2012,1,M,67,69,84,1,1
849,2012,1,F,78,69,98,1,1
850,2012,1,F,63,61,79,1,1
851,2012,1,F,73,70,98,1,1
852,2012,1,F,56,69,88,1,1
853,2012,1,F,70,72,97,1,1
854,2012,1,M,57,41,68,1,1
855,2012,1,M,63,23,50,1,1
856,2012,1,M,93,87,96,1,1
857,2012,1,F,40,48,60,1,1
858,2012,1,M,83,74,81,1,1
859,2012,1,M,43,52,55,1,1
860,2012,1,M,54,44,98,1,1
861,2012,1,M,88,90,97,1,1
862,2012,1,M,86,83,92,1,1
863,2012,1,F,53,62,56,1,1
864,2012,1,M,50,51,81,1,1
865,2012,1,M,93,91,96,1,1
866,2012,1,M,37,53,81,1,1
867,2012,1,F,40,47,65,1,1
868,2012,1,M,57,65,93,1,1
869,2012,1,F,81,72,99,1,1
870,2012,1,F,79,63,97,1,1
871,2012,1,F,48,71,91,1,1
872,2012,1,M,89,81,99,1,1
873,2012,1,F,65,66,90,1,1
874,2012,1,M,55,48,80,1,1
875,2012,1,M,50,37,55,1,1
876,2012,1,M,67,56,89,1,1
877,2012,1,F,37,36,52,1,1
878,2012,1,M,62,55,86,1,1
879,2012,1,F,53,52,36,1,1
880,2012,1,M,68,56,57,1,1
881,2012,1,M,41,35,85,1,1
882,2012,1,M,63,54,82,1,1
883,2012,1,M,55,58,75,1,1
884,2012,1,M,72,80,87,1,1
885,2012,1,M,54,54,86,1,1
886,2012,1,M,51,58,85,1,1
887,2012,1,M,44,48,81,1,1
888,2012,1,M,60,30,53,1,1
889,2012,1,F,54,44,84,1,1
890,2012,1,M,49,74,60,1,1
891,2012,1,M,69,52,86,1,1
892,2012,1,F,34,16,64,1,1
893,2012,1,F,51,48,80,1,1
894,2012,1,M,60,64,83,1,1
895,2012,1,M,60,24,79,1,1
896,2012,1,M,57,50,87,1,1
897,2012,1,F,54,65,90,1,1
898,2012,1,M,53,71,85,1,1
899,2012,1,M,37,53,87,1,1
900,2012,1,F,43,41,80,1,1
901,2012,1,F,61,53,88,1,1
902,2012,1,M,49,38,85,1,1
903,2012,1,M,45,38,64,1,1
904,2012,1,M,83,89,95,1,1
905,2012,1,M,58,66,92,3,1
906,2012,1,F,92,95,95,3,1
907,2012,1,F,51,46,74,3,1
908,2012,1,F,32,40,90,3,1
909,2012,1,F,36,39,83,3,1
910,2012,1,F,39,38,81,3,1
911,2012,1,F,47,54,86,3,1
912,2012,1,F,64,62,84,3,1
913,2012,1,M,72,63,77,3,1
914,2012,1,F,58,62,73,3,1
915,2012,1,F,74,75,86,3,1
916,2012,1,M,80,92,65,3,1
917,2012,1,M,30,28,76,3,1
918,2012,1,M,76,81,89,3,1
919,2012,1,F,80,89,94,3,1
920,2012,1,F,42,39,66,3,1
921,2012,1,M,70,74,71,3,1
922,2012,1,M,66,66,91,3,1
923,2012,1,F,69,84,97,3,1
924,2012,1,F,65,64,74,3,1
925,2012,1,M,50,54,79,3,1
926,2012,1,M,51,65,87,3,1
927,2012,1,M,51,29,61,3,1
928,2012,1,F,88,94,98,3,1
929,2012,1,F,51,45,81,3,1
930,2012,1,M,66,67,82,3,1
931,2012,1,M,67,68,82,3,1
932,2013,1,F,42,59,100,2,1
933,2013,1,M,77,61,81,2,1
934,2013,1,M,45,52,71,2,1
935,2013,1,M,48,53,52,2,1
936,2013,1,F,44,58,95,2,1
937,2013,1,M,74,67,87,2,1
938,2013,1,M,46,65,72,2,1
939,2013,1,M,44,58,59,2,1
940,2013,1,M,52,66,86,2,1
941,2013,1,F,69,65,95,2,1
942,2013,1,F,60,63,98,2,1
943,2013,1,F,37,68,86,2,1
944,2013,1,F,41,61,95,2,1
945,2013,1,F,64,76,84,2,1
946,2013,1,F,54,61,86,2,1
947,2013,1,F,33,40,49,2,1
948,2013,1,F,46,64,92,2,1
949,2013,1,M,75,71,92,2,1
950,2013,1,F,41,79,89,2,1
951,2013,1,F,44,80,71,2,1
952,2013,1,F,90,94,100,2,1
953,2013,1,F,45,70,84,2,1
954,2013,1,F,68,88,100,2,1
955,2013,1,F,44,69,69,2,1
956,2013,1,M,62,84,95,2,1
957,2013,1,M,54,41,73,2,1
958,2013,1,M,43,49,54,2,1
959,2013,1,F,84,94,94,2,1
960,2013,1,M,39,57,63,2,1
961,2013,1,M,63,66,68,2,1
962,2013,1,M,78,82,92,2,1
963,2013,1,M,37,34,65,2,1
964,2013,1,M,56,61,96,2,1
965,2013,1,M,94,96,96,2,1
966,2013,1,F,85,86,91,2,1
967,2013,1,M,48,46,57,2,1
968,2013,1,M,70,65,74,2,1
969,2013,1,M,96,94,95,2,1
970,2013,1,F,39,70,92,2,1
971,2013,1,M,38,51,68,2,1
972,2013,1,F,51,63,75,2,1
973,2013,1,F,81,88,97,2,1
974,2013,1,F,76,86,97,2,1
975,2013,1,M,50,77,94,2,1
976,2013,1,F,94,89,100,2,1
977,2013,1,M,72,80,94,2,1
978,2013,1,M,62,61,87,2,1
979,2013,1,M,41,37,52,2,1
980,2013,1,M,80,79,93,4,1
981,2013,1,F,41,50,90,4,1
982,2013,1,F,84,68,90,4,1
983,2013,1,F,34,51,75,4,1
984,2013,1,F,54,70,93,4,1
985,2013,1,F,37,46,90,4,1
986,2013,1,M,33,41,67,4,1
987,2013,1,M,53,59,92,4,1
988,2013,1,F,57,65,75,4,1
989,2013,1,F,51,43,94,4,1
990,2013,1,M,42,47,80,4,1
991,2013,1,M,75,77,72,4,1
992,2013,1,F,53,62,92,4,1
993,2013,1,F,80,86,91,4,1
994,2013,1,F,65,62,92,4,1
995,2013,1,M,32,24,77,4,1
996,2013,1,M,57,59,78,4,1
997,2013,1,F,55,76,81,4,1
998,2014,1,M,92,84,80,0,1
999,2014,1,F,52,64,85,0,1
1000,2014,1,M,85,70,83,0,1
1001,2014,1,F,25,65,83,0,1
1002,2014,1,F,54,75,87,0,1
1003,2014,1,M,52,59,70,0,1
1004,2014,1,F,99,84,94,0,1
1005,2014,1,M,67,43,67,0,1
1006,2014,1,M,92,80,86,0,1
1007,2014,1,M,60,75,74,0,1
1008,2014,1,M,54,63,89,0,1
1009,2014,1,M,51,85,79,0,1
1010,2014,1,M,51,58,69,0,1
1011,2014,1,M,64,67,75,0,1
1012,2014,1,F,51,76,79,0,1
1013,2014,1,M,78,58,76,0,1
1014,2014,1,M,96,81,94,0,1
1015,2014,1,M,41,67,70,0,1
1016,2014,1,F,68,78,82,0,1
1017,2014,1,F,58,58,73,0,1
1018,2014,1,F,70,75,88,0,1
1019,2014,1,F,75,72,91,0,1
1020,2014,1,F,51,72,74,2,1
1021,2014,1,M,64,64,72,2,1
1022,2014,1,F,68,81,91,2,1
1023,2014,1,F,86,76,83,2,1
1024,2014,1,M,44,47,74,2,1
1025,2014,1,F,88,71,73,2,1
1026,2014,1,F,44,58,77,2,1
1027,2014,1,F,56,51,79,2,1
1028,2014,1,M,48,64,80,2,1
1029,2014,1,M,49,54,86,2,1
1030,2014,1,F,59,52,77,2,1
1031,2014,1,F,33,52,85,2,1
1032,2014,1,F,83,77,76,2,1
1033,2014,1,F,58,66,80,2,1
1034,2014,1,M,37,47,77,2,1
1035,2014,1,M,46,55,76,2,1
1036,2014,1,F,68,61,83,2,1
1037,2014,1,F,58,70,88,2,1
1038,2014,1,F,42,65,75,2,1
1039,2014,1,F,80,82,93,2,1
1040,2014,1,M,56,57,69,2,1
1041,2014,1,M,65,63,76,2,1
1042,2014,1,F,62,77,87,2,1
1043,2014,1,M,46,59,92,2,1
1044,2014,1,M,65,49,65,2,1
1045,2014,1,M,71,68,79,2,1
1046,2014,1,M,69,58,76,2,1
1047,2014,1,M,48,60,79,2,1
1048,2014,1,M,58,71,85,2,1
1049,2014,1,F,83,94,85,2,1
1050,2014,1,M,23,35,82,2,1
1051,2014,1,M,11,32,68,2,1
1052,2014,1,M,76,58,90,2,1
1053,2014,1,F,89,76,79,2,1
1054,2014,1,M,43,51,98,2,1
1055,2014,1,M,97,98,100,2,1
1056,2014,1,F,47,66,83,2,1
1057,2014,1,F,83,80,96,2,1
1058,2014,1,F,98,94,86,2,1
1059,2014,1,F,89,92,99,2,1
1060,2014,1,F,42,69,95,2,1
1061,2014,1,F,86,88,98,2,1
1062,2014,1,M,61,45,72,2,1
1063,2014,1,M,39,59,89,2,1
1064,2014,1,F,96,92,96,2,1
1065,2014,1,M,49,44,86,2,1
1066,2014,1,M,76,69,99,2,1
1067,2014,1,F,99,98,99,2,1
1068,2014,1,F,66,83,94,2,1
1069,2014,1,F,60,80,83,2,1
1070,2014,1,M,96,92,95,2,1
1071,2014,1,F,42,51,65,2,1
1072,2014,1,F,42,67,70,2,1
1073,2014,1,F,84,78,95,2,1
1074,2014,1,F,63,84,95,2,1
1075,2014,1,M,35,53,85,2,1
1076,2014,1,M,50,75,81,2,1
1077,2014,1,M,36,59,88,2,1
1078,2014,1,M,55,65,76,2,1
1079,2014,1,F,61,78,98,2,1
1080,2014,1,F,81,83,90,2,1
1081,2014,1,F,43,70,92,2,1
1082,2014,1,F,78,87,96,2,1
1083,2014,1,F,45,65,71,2,1
1084,2014,1,F,94,96,96,2,1
1085,2014,1,M,55,49,63,2,1
1086,2014,1,M,75,71,80,2,1
1087,2014,1,F,38,49,62,2,1
1088,2014,1,F,69,44,63,2,1
1089,2014,1,F,46,31,56,2,1
1090,2014,1,M,88,72,78,2,1
1091,2014,1,M,36,42,72,5,1
1092,2014,1,M,42,45,71,5,1
1093,2014,1,M,43,58,70,5,1
1094,2014,1,M,72,51,92,5,1
1095,2014,1,M,70,46,85,5,1
1096,2014,1,M,59,85,97,5,1
1097,2014,1,M,49,73,92,5,1
1098,2014,1,M,51,44,79,5,1
1099,2014,1,M,51,41,77,5,1
1100,2014,1,M,51,65,82,5,1
1101,2014,1,M,45,56,81,5,1
1102,2014,1,M,45,49,80,5,1
1103,2014,1,M,45,48,78,5,1
1104,2014,1,M,49,58,78,5,1
1105,2014,1,M,54,65,93,5,1
1106,2016,1,M,53,46,59,0,1
1107,2016,1,M,38,15,55,0,1
1108,2016,1,M,51,57,56,0,1
1109,2016,1,M,48,68,49,0,1
1110,2016,1,F,70,74,72,0,1
1111,2016,1,F,83,79,91,0,1
1112,2016,1,F,65,80,74,0,1
1113,2016,1,M,28,32,50,0,1
1114,2016,1,F,55,73,76,0,1
1115,2016,1,M,65,56,67,0,1
1116,2016,1,M,63,57,65,0,1
1117,2016,1,M,70,59,66,0,1
1118,2016,1,M,67,77,70,0,1
1119,2016,1,M,47,65,59,0,1
1120,2016,1,M,86,80,94,0,1
1121,2016,1,M,72,71,91,0,1
1122,2016,1,F,84,81,96,0,1
1123,2016,1,F,50,50,77,0,1
1124,2016,1,F,28,63,81,0,1
1125,2016,1,M,56,68,87,0,1
1126,2016,1,M,59,71,72,0,1
1127,2016,1,M,38,33,49,0,1
1128,2016,1,M,87,82,90,0,1
1129,2016,1,F,68,71,84,0,1
1130,2016,1,M,28,32,53,0,1
1131,2016,1,M,79,83,94,0,1
1132,2016,1,M,36,63,57,0,1
1133,2016,1,F,77,74,88,0,1
1134,2016,1,F,97,86,87,0,1
1135,2016,1,F,54,74,73,0,1
1136,2016,1,F,48,67,76,0,1
1137,2016,1,M,23,55,59,0,1
1138,2016,1,M,28,47,65,0,1
1139,2016,1,M,54,63,66,0,1
1140,2016,1,F,49,63,67,0,1
1141,2016,1,F,47,68,74,0,1
1142,2016,1,M,46,65,56,0,1
1143,2016,1,M,62,72,77,0,1
1144,2016,1,F,61,67,84,0,1
1145,2016,1,M,46,62,62,0,1
1146,2016,1,F,43,66,55,0,1
1147,2016,1,F,66,86,73,0,1
1148,2016,1,M,35,40,47,0,1
1149,2016,1,M,36,31,67,0,1
1150,2016,1,M,53,81,72,0,1
1151,2016,1,F,27,59,74,0,1
1152,2016,1,F,46,57,63,0,1
1153,2016,1,F,64,81,88,0,1
1154,2016,1,M,42,23,37,0,1
1155,2016,1,F,53,67,66,0,1
1156,2016,1,F,76,89,75,0,1
1157,2016,1,M,23,38,50,0,1
1158,2016,1,M,52,69,51,0,1
1159,2016,1,F,83,80,71,0,1
1160,2016,1,F,47,69,65,0,1
1161,2016,1,M,75,82,66,0,1
1162,2016,1,M,58,85,77,0,1
1163,2016,1,M,81,96,93,0,1
1164,2016,1,M,49,79,70,0,1
1165,2016,1,M,45,62,63,0,1
1166,2016,1,M,85,80,81,0,1
1167,2016,1,M,40,76,51,0,1
1168,2016,1,M,75,88,69,0,1
1169,2016,1,F,79,86,72,0,1
1170,2016,1,F,92,85,97,0,1
1171,2016,1,F,49,77,82,0,1
1172,2016,1,F,82,80,94,0,1
1173,2016,1,M,71,80,76,0,1
1174,2016,1,F,65,74,92,0,1
1175,2016,1,M,67,51,66,0,1
1176,2016,1,M,68,69,55,0,1
1177,2016,1,M,25,57,60,0,1
1178,2016,1,M,68,66,72,0,1
1179,2016,1,M,59,62,79,0,1
1180,2016,1,M,27,38,52,0,1
1181,2016,1,M,71,83,69,0,1
1182,2016,1,M,57,53,76,0,1
1183,2016,1,M,56,65,64,5,1
1184,2016,1,M,72,70,28,5,1
1185,2016,1,M,55,70,73,5,1
1186,2016,1,M,52,65,55,5,1
1187,2016,1,M,60,70,34,5,1
1188,2016,1,M,90,90,78,5,1
1189,2016,1,M,62,75,75,5,1
1190,2016,1,M,50,70,56,5,1
1191,2016,1,M,47,60,56,5,1
1192,2016,1,M,57,65,49,5,1
1193,2016,1,M,52,45,50,5,1
1194,2016,1,M,76,75,75,5,1
1195,2016,1,M,47,67,83,5,1
1196,2016,1,M,62,87,98,5,1
1197,2016,1,M,42,85,56,5,1
1198,2016,1,M,92,90,83,5,1
1199,2016,1,M,55,75,27,5,1
1200,2016,1,M,42,65,66,5,1
1201,2016,1,M,60,70,31,5,1
1202,2016,1,M,67,65,30,5,1
1203,2016,1,M,55,75,55,5,1
1204,2016,1,M,80,95,86,5,1
1205,2016,1,M,69,75,83,5,1
1206,2016,1,M,42,65,52,5,1
1207,2016,1,M,67,80,52,5,1
1208,2016,1,M,40,60,50,5,1
1209,2016,1,M,75,90,66,5,1
1210,2016,1,M,62,65,88,5,1
1211,2016,1,M,61,43,70,5,1
1212,2016,1,M,75,73,89,5,1
1213,2016,1,M,29,61,73,5,1
1214,2016,1,M,52,47,63,5,1
1215,2016,1,M,85,75,92,5,1
1216,2016,1,M,70,77,86,5,1
1217,2016,1,M,39,73,77,5,1
1218,2016,1,M,68,43,81,5,1
1219,2016,1,M,50,40,60,5,1
1220,2016,1,M,40,48,64,5,1
1221,2016,1,M,51,71,69,5,1
1222,2016,1,M,70,58,80,5,1
1223,2016,1,M,41,68,75,5,1
1224,2016,1,M,79,87,93,5,1
1225,2016,1,M,40,68,78,5,1
1226,2016,1,M,79,71,85,5,1
1227,2016,1,M,40,48,70,5,1
1228,2016,1,M,57,68,79,5,1
1229,2016,1,M,24,65,70,5,1
1230,2016,1,M,41,56,50,5,1
1231,2016,1,M,52,57,67,5,1
1232,2016,1,M,83,83,94,5,1
1233,2016,1,M,23,27,45,5,1
1234,2016,1,M,72,86,92,5,1
1235,2016,1,M,48,52,45,5,1
1236,2016,1,M,46,63,48,5,1
1237,2016,1,M,42,56,51,5,1
1238,2016,1,M,62,73,73,5,1
1239,2016,1,M,50,60,86,5,1
1240,2016,1,M,45,25,39,5,1
1241,2016,1,M,57,55,76,5,1
1242,2016,1,M,47,80,77,5,1
1243,2016,1,M,42,65,53,5,1
1244,2016,1,M,53,77,75,5,1
1245,2016,1,M,70,67,84,5,1
1246,2016,1,M,35,65,66,5,1
1247,2016,1,M,60,75,83,5,1
1248,2016,1,M,0,32,40,5,1
1249,2016,1,M,0,75,39,5,1
1250,2016,1,M,87,87,83,5,1
1251,2016,1,M,47,82,69,5,1
1252,2016,1,M,40,55,61,5,1
1253,2016,1,M,90,87,88,5,1
1254,2016,1,M,40,62,76,5,1
1255,2016,1,M,90,96,89,5,1
1256,2016,1,M,45,77,58,5,1
1257,2016,1,M,85,80,66,5,1
1258,2016,1,M,40,20,45,5,1
1259,2016,1,M,47,50,46,5,1
1260,2016,1,M,57,46,65,5,1
1261,2016,1,M,65,77,91,5,1
1262,2016,1,M,10,22,41,5,1
1263,2016,1,M,32,57,81,5,1
1264,2016,1,M,50,47,49,5,1
1265,2016,1,M,42,55,59,5,1
1266,2016,1,M,65,47,57,5,1
1267,2016,1,M,70,65,84,5,1
1268,2017,1,M,72,57,41,1,1
1269,2017,1,M,58,57,41,1,1
1270,2017,1,F,53,58,66,1,1
1271,2017,1,M,58,62,47,1,1
1272,2017,1,F,87,91,93,1,1
1273,2017,1,F,70,73,53,1,1
1274,2017,1,F,90,94,99,1,1
1275,2017,1,F,68,80,68,1,1
1276,2017,1,M,56,51,51,1,1
1277,2017,1,F,56,70,56,1,1
1278,2017,1,M,60,66,51,1,1
1279,2017,1,M,59,55,45,1,1
1280,2017,1,M,81,62,54,1,1
1281,2017,1,M,72,73,63,1,1
1282,2017,1,M,72,53,42,1,1
1283,2017,1,M,57,72,62,1,1
1284,2017,1,M,89,91,85,1,1
1285,2017,1,M,85,86,81,1,1
1286,2017,1,F,90,88,78,1,1
1287,2017,1,M,39,42,55,1,1
1288,2017,1,F,74,57,57,1,1
1289,2017,1,F,58,79,80,1,1
1290,2017,1,F,84,83,75,1,1
1291,2017,1,M,59,64,65,1,1
1292,2017,1,M,78,72,63,1,1
1293,2017,1,M,92,82,86,1,1
1294,2017,1,F,68,61,84,1,1
1295,2017,1,M,88,83,84,1,1
1296,2017,1,M,50,45,50,1,1
1297,2017,1,M,71,32,48,1,1
1298,2017,1,M,48,71,52,1,1
1299,2017,1,F,70,82,64,1,1
1300,2017,1,F,88,89,95,1,1
1301,2017,1,M,44,67,44,1,1
1302,2017,1,M,69,70,47,1,1
1303,2017,1,F,60,68,67,1,1
1304,2017,1,F,39,68,77,1,1
1305,2017,1,F,44,55,39,1,1
1306,2017,1,F,65,80,70,1,1
1307,2017,1,F,89,97,92,1,1
1308,2017,1,F,78,92,92,1,1
1309,2017,1,M,57,74,74,1,1
1310,2017,1,F,67,69,50,1,1
1311,2017,1,F,49,76,72,1,1
1312,2017,1,M,47,68,45,1,1
1313,2017,1,M,59,62,40,1,1
1314,2017,1,M,43,66,51,1,1
1315,2017,1,M,22,35,49,1,1
1316,2017,1,F,56,76,57,1,1
1317,2017,1,F,51,70,58,1,1
1318,2017,1,F,60,74,66,1,1
1319,2017,1,F,61,79,75,1,1
1320,2017,1,M,43,66,55,1,1
1321,2017,1,M,57,51,49,1,1
1322,2017,1,M,42,64,63,1,1
1323,2017,1,F,40,66,57,1,1
1324,2017,1,F,49,49,62,1,1
1325,2017,1,M,47,70,65,1,1
1326,2017,1,M,67,41,61,1,1
1327,2017,1,F,55,77,75,1,1
1328,2017,1,M,46,47,42,1,1
1329,2017,1,M,69,53,54,1,1
1330,2017,1,F,40,53,46,1,1
1331,2017,1,F,58,84,67,1,1
1332,2017,1,M,51,65,58,1,1
1333,2017,1,M,58,75,54,1,1
1334,2017,1,F,43,60,60,1,1
1335,2017,1,F,50,51,62,1,1
1336,2017,1,F,66,80,90,1,1
1337,2017,1,F,44,51,46,1,1
1338,2017,1,M,56,59,47,1,1
1339,2017,1,M,46,50,75,6,1
1340,2017,1,M,36,40,72,6,1
1341,2017,1,M,53,70,80,6,1
1342,2017,1,M,40,25,76,6,1
1343,2017,1,M,44,35,66,6,1
1344,2017,1,M,63,67,82,6,1
1345,2017,1,M,82,60,83,6,1
1346,2017,1,M,63,60,81,6,1
1347,2017,1,M,42,37,70,6,1
1348,2017,1,M,46,52,78,6,1
1349,2017,1,M,62,47,88,6,1
1350,2017,1,M,64,67,82,6,1
1351,2017,1,M,48,47,82,6,1
1352,2017,1,M,86,90,99,6,1
1353,2017,1,M,52,57,74,6,1
1354,2017,1,M,54,55,83,6,1
1355,2017,1,M,52,45,83,6,1
1356,2017,1,M,53,47,80,6,1
1357,2017,1,M,50,45,73,6,1
1358,2017,1,M,50,35,68,6,1
1359,2017,1,M,44,45,69,6,1
1360,2017,1,M,58,57,91,6,1
1361,2017,1,M,60,67,87,6,1
1362,2017,1,M,50,50,72,6,1
1363,2017,1,M,48,42,76,6,1
1364,2017,1,M,51,50,75,6,1
1365,2017,1,M,53,70,67,6,1
1366,2017,1,M,62,71,61,6,1
1367,2017,1,M,50,77,77,6,1
1368,2017,1,M,27,70,64,6,1
1369,2017,1,M,62,70,66,6,1
1370,2017,1,M,67,80,66,6,1
1371,2017,1,M,50,70,78,6,1
1372,2017,1,M,65,83,87,6,1
1373,2017,1,M,45,72,68,6,1
1374,2017,1,M,64,78,74,6,1
1375,2017,1,M,67,83,76,6,1
1376,2017,1,M,73,82,65,6,1
1377,2017,1,M,62,75,68,6,1
1378,2017,1,M,62,90,88,6,1
1379,2017,1,M,91,80,73,6,1
1380,2017,1,M,32,73,67,6,1
1381,2017,1,M,50,76,74,6,1
1382,2017,1,M,32,68,68,6,1
1383,2017,1,M,67,72,62,6,1
1384,2017,1,M,78,67,73,6,1
1385,2017,1,M,69,83,80,6,1
1386,2017,1,M,64,80,79,6,1
1387,2017,1,M,67,76,67,6,1
1388,2017,1,M,70,75,71,6,1
1389,2017,1,M,80,82,79,6,1
1390,2017,1,M,60,51,61,6,1
1391,2017,1,M,50,38,52,6,1
1392,2017,1,M,47,58,61,6,1
1393,2017,1,M,70,50,56,6,1
1394,2017,1,M,50,36,52,6,1
1395,2017,1,M,59,78,81,6,1
1396,2017,1,M,77,73,59,6,1
1397,2017,1,M,50,43,56,6,1
1398,2017,1,M,50,63,59,6,1
1399,2017,1,M,77,62,81,6,1
1400,2017,1,M,50,46,53,6,1
1401,2017,1,M,57,62,81,6,1
1402,2017,1,M,47,36,71,6,1
1403,2017,1,M,100,100,100,6,1
1404,2017,1,M,80,68,80,6,1
1405,2017,1,M,35,44,49,6,1
1406,2017,1,M,64,68,59,6,1
1407,2017,1,M,50,35,49,6,1
1408,2017,1,M,50,38,43,6,1
1409,2017,1,M,60,43,55,6,1
1410,2017,1,M,60,66,58,6,1
1411,2017,1,M,70,56,80,6,1
1412,2017,1,M,40,58,52,6,1
1413,2017,1,M,62,36,55,6,1
1414,2017,1,M,30,48,55,6,1
